,0,1
0,0.023980728222006035,0.976019271777994
1,0.03480217026860554,0.9651978297313945
2,0.05577049820333148,0.8520206213918442
3,0.046840655140921394,0.9531593448590786
4,0.015434947703433986,0.984565052296566
5,0.06470780754546976,0.9352921924545303
6,1.137845698396376e-309,1.0
7,0.06493999830931552,0.9350600016906845
8,0.03524640442769095,0.9647535955723091
9,0.031057399094008654,0.9689426009059913
10,0.012318442201083354,0.9876815577989166
11,0.03749601809947664,0.9625039819005233
12,0.03576821147102416,0.9642317885289758
13,0.06554746014525716,0.9344525398547429
14,1.075510274854155e-309,1.0
15,0.08133956253512462,0.9186604374648754
16,0.023451330881571683,0.9765486691184282
17,0.019668658080369737,0.9803313419196302
18,9.5785520363301e-310,1.0
19,0.03521011883270871,0.9647898811672914
20,1.11597759156828e-309,1.0
21,0.03630101738740244,0.9636989826125975
22,1.107949709688683e-309,1.0
23,0.04567738083028903,0.9543226191697111
24,0.05249669665585805,0.947503303344142
25,0.048078813478899134,0.9519211865211009
26,0.05770632178410786,0.9422936782158922
27,0.011242711031782473,0.9887572889682176
28,0.014831198532279731,0.9851688014677203
29,0.017788935141041556,0.9822110648589585
30,0.055700778548793496,0.9442992214512065
31,0.05189124429611945,0.9481087557038805
32,1.17937332162153e-309,1.0
33,0.04155199492321596,0.9584480050767841
34,0.05561775840810739,0.9443822415918927
35,0.04778774349052778,0.9522122565094722
36,0.019766559786553055,0.9802334402134469
37,0.03971469803162358,0.9602853019683765
38,0.013779931473733839,0.9862200685262662
39,0.04157009895999916,0.9584299010400009
40,0.06258026900228864,0.9374197309977114
41,0.044517235097839364,0.9554827649021608
42,0.014978495262094238,0.9850215047379058
43,0.06984045783728185,0.9301595421627181
44,9.3065363093141e-310,1.0
45,0.022240059491954477,0.9777599405080455
46,0.026726812183873492,0.9732731878161266
47,0.043089271836203466,0.9569107281637964
48,0.010548305377769697,0.9894516946222304
49,9.60934749754053e-310,1.0
50,0.022110206725291057,0.977889793274709
51,0.04798137803559159,0.9520186219644085
52,0.04266573557600078,0.9573342644239993
53,9.08023887575113e-310,1.0
54,0.0499898015130453,0.9500101984869548
55,0.013247683103051978,0.986752316896948
56,1.199806917603786e-309,1.0
57,0.02232335389335777,0.9776766461066423
58,0.05200715739445094,0.9479928426055491
59,0.0617234136026453,0.9382765863973548
60,0.055810469822581824,0.9441895301774181
61,0.03369309569183891,0.9663069043081611
62,0.01626088417212577,0.9837391158278743
63,0.025903688137561335,0.9740963118624386
64,0.01833544223158295,0.9816645577684171
65,0.03477303998171951,0.9652269600182805
66,0.03298713403320197,0.9670128659667981
67,0.029700036987383393,0.9702999630126166
68,0.0760871283753165,0.9239128716246836
69,0.024679182849663233,0.9753208171503367
70,0.06324396081176592,0.8867711632479854
71,0.018625124912434017,0.9813748750875659
72,0.030269241993411883,0.969730758006588
73,1.17574249708535e-309,1.0
74,0.06350053568035205,0.8843517659732213
75,0.04381219837722194,0.9561878016227782
76,1.005674580219616e-309,1.0
77,0.08678507586721462,0.9132149241327854
78,0.0522852104327833,0.9477147895672167
79,0.01716731016102785,0.9828326898389722
80,0.011196390593101251,0.9888036094068988
81,0.06466148558663537,0.9353385144133646
82,0.05776222824494774,0.9422377717550523
83,0.024958628460215748,0.9750413715397843
84,1.124785224409427e-309,1.0
85,0.03232887345329708,0.9676711265467028
86,0.018344501966513774,0.9816554980334863
87,0.01101267683259803,0.988987323167402
88,0.052467984712844876,0.9475320152871551
89,0.03895910663400907,0.9610408933659909
90,0.022276276029137433,0.9777237239708626
91,0.03268878167928611,0.9673112183207138
92,0.04985438147384316,0.9501456185261569
93,0.07718162072194698,0.922818379278053
94,0.041917469644884464,0.9580825303551155
95,0.044583075205029285,0.9554169247949708
96,0.049380304342348046,0.9506196956576519
97,0.053134440854335094,0.946865559145665
98,0.05635814830270242,0.9436418516972976
99,0.09368014221908483,0.9063198577809153
100,0.0845317031815723,0.9154682968184277
101,0.030442755300988396,0.9695572446990116
102,0.006870550636163008,0.993129449363837
103,0.04109095350788472,0.9589090464921153
104,0.08596190556681643,0.9140380944331835
105,0.06623902370165904,0.933760976298341
106,1.488744884513617e-309,1.0
107,0.05851516478976456,0.9414848352102354
108,1.0,1.49455683794631e-309
109,0.01636020377411618,0.9836397962258838
110,0.08659388307682613,0.8327587047792004
111,0.015180276577329276,0.9848197234226708
112,1.181163949101865e-309,1.0
113,1.05328721334733e-309,1.0
114,0.05801733356110838,0.9419826664388917
115,0.06456443228232527,0.9320638701114363
116,0.021023413948199614,0.9789765860518005
117,0.0322750935470332,0.9677249064529667
118,1.15153842380034e-309,1.0
119,0.025922473278221204,0.9740775267217788
120,0.025629723033676093,0.974370276966324
121,0.010630596454277554,0.9893694035457224
122,0.03600156264587393,0.9639984373541262
123,1.15733732299835e-309,1.0
124,0.058252648045299844,0.9417473519547003
125,0.03810364511760832,0.9618963548823916
126,0.03242279391515136,0.9675772060848487
127,0.029593940849544892,0.9704060591504552
128,0.0178583133097097,0.9821416866902903
129,0.025510253488074314,0.9744897465119257
130,0.048499353350011265,0.9515006466499887
131,0.03939242062848495,0.9606075793715151
132,0.06524749707712867,0.9347525029228714
133,0.0782157658513309,0.3765146055395725
134,0.05793220497973693,0.942067795020263
135,0.017377960936587465,0.9826220390634125
136,0.04373758920995663,0.9562624107900434
137,0.11290682210798571,0.7223774372750725
138,1.49238641934172e-309,1.0
139,0.025844314352283654,0.9741556856477163
140,9.9553740003396e-310,1.0
141,0.009233609253932391,0.9907663907460676
142,0.025825930933364216,0.9741740690666357
143,0.04745602059662273,0.9525439794033773
144,9.33075480344016e-310,1.0
145,0.05994564104766475,0.9400543589523351
146,0.05051543342966336,0.9494845665703368
147,0.061440533285846095,0.9385594667141539
148,9.93493373786353e-310,1.0
149,0.0736707765825851,0.9263292234174149
150,0.05226826429672568,0.9477317357032744
151,1.05771117277157e-309,1.0
152,0.04085288146153414,0.9591471185384659
153,0.04903619224982966,0.9509638077501704
154,0.049831784349739894,0.95016821565026
155,1.19431528916812e-309,1.0
156,0.0733655867065836,0.9266344132934164
157,0.04453639644503727,0.9554636035549628
158,0.010808114856671627,0.9891918851433283
159,0.07900833487072126,0.8118088236707377
160,0.0014257945275747072,0.9985742054724253
161,0.06060427322788496,0.939395726772115
162,0.032818047903492444,0.9671819520965076
163,0.015406349770904425,0.9845936502290955
164,9.9203693610209e-310,1.0
165,9.65828573094103e-310,1.0
166,9.16891992575425e-310,1.0
167,9.72242158635807e-310,1.0
168,0.053352434732153044,0.946647565267847
169,0.0641389812267476,0.9358610187732525
170,9.78552671929553e-310,1.0
171,0.047926218282683807,0.9520737817173163
172,0.03675330773150829,0.9632466922684917
173,0.04253596812004008,0.9574640318799599
174,0.026610625999091884,0.973389374000908
175,0.036479459753685,0.963520540246315
176,1.1196749997175e-309,1.0
177,0.06295189049202922,0.9085586881932745
178,8.9706024903512e-310,1.0
179,0.013337803835738987,0.986662196164261
180,0.0651064067065106,0.9348935932934894
181,0.03038460652605209,0.9696153934739479
182,0.03890070262421655,0.9610992973757835
183,9.13325738110575e-310,1.0
184,0.03636643032749818,0.9636335696725017
185,0.08428928092978726,0.9032825977825812
186,0.02181466638416371,0.9781853336158364
187,0.009614230577178928,0.990385769422821
188,1.119496114834645e-309,1.0
189,9.11622625386624e-310,1.0
190,0.07376994287479224,0.8760587964531672
191,0.0687654522964263,0.9312345477035736
192,0.030063607326483548,0.9699363926735164
193,0.05673539407866897,0.8350013319236861
194,0.0474111615449299,0.95258883845507
195,1.0,1.49063183861335e-309
196,0.0676694623303307,0.9323305376696692
197,0.021988099660258716,0.9780119003397413
198,1.148814715762873e-309,1.0
199,0.05133548364472408,0.9486645163552759
200,0.07555366937695755,0.9244463306230424
201,0.07370277629715416,0.9262972237028458
202,0.05242314338877016,0.8005353693313745
203,0.07817540327598134,0.37224284837941063
204,0.06438179812413491,0.9356182018758651
205,0.07731738214507555,0.9226826178549244
206,0.07525656218051804,0.924743437819482
207,0.019737125817743003,0.980262874182257
208,0.005685693031790566,0.9943143069682094
209,1.500555873578884e-309,1.0
210,0.02971941395356206,0.970280586046438
211,0.05384174210082036,0.9461582578991797
212,0.033708627900984466,0.9662913720990155
213,0.06448763450659786,0.935512365493402
214,0.05521850005304081,0.9447814999469591
215,0.027035373938705656,0.9729646260612943
216,0.037305614773028906,0.9626943852269711
217,0.028092582683376416,0.9719074173166237
218,0.028485738745575386,0.9715142612544246
219,0.018727175935210744,0.9812728240647892
220,0.056369969867982476,0.9436300301320175
221,0.021246594595078442,0.9787534054049216
222,0.041777006120330806,0.9582229938796691
223,0.03531153036465036,0.9646884696353497
224,0.00943498359052836,0.9905650164094716
225,1.01047575453051e-309,1.0
226,0.0287523330320267,0.9712476669679733
227,0.06991981852062569,0.9044280722912357
228,0.00940065021060504,0.990599349789395
229,0.026205849318505562,0.9737941506814944
230,0.05024875310827628,0.9497512468917236
231,0.04867139445576204,0.951328605544238
232,1.143403691996333e-309,1.0
233,0.06854538365189765,0.9314546163481023
234,0.06062301076860776,0.9393769892313922
235,9.05658185782283e-310,1.0
236,0.06017259254303753,0.9398274074569625
237,0.05307111822321487,0.9469288817767851
238,0.04227757004919473,0.9577224299508054
239,1.039119255338885e-309,1.0
240,0.006560792307711654,0.9934392076922884
241,0.04463671969552646,0.9553632803044736
242,0.06122355050003731,0.9387764494999628
243,0.03856280605981327,0.9614371939401868
244,0.03578450321602776,0.9642154967839721
245,0.003942649257256547,0.9960573507427435
246,0.05799736886546561,0.9420026311345344
247,0.05448902218749594,0.945510977812504
248,0.029995829463908642,0.9700041705360914
249,0.046423853553763335,0.9535761464462366
250,9.866880101903e-310,1.0
251,0.04639421564307251,0.8134245566037739
252,0.002933667772656233,0.9970663322273439
253,0.046207530802720984,0.953792469197279
254,0.06703605306277939,0.7619601192829867
255,1.143160031374566e-309,1.0
256,1.148174000083937e-309,1.0
257,0.08182761972876389,0.918172380271236
258,0.019452048818857558,0.9805479511811424
259,0.016778621096635662,0.9832213789033644
260,0.025039849646820645,0.9749601503531794
261,0.009471938764533222,0.9905280612354669
262,0.02904850548199075,0.9709514945180091
263,0.03614654857010978,0.9638534514298901
264,0.0526437452300647,0.9473562547699352
265,0.06116672998403907,0.9388332700159608
266,0.045726618276029495,0.9542733817239706
267,9.8953501183175e-310,1.0
268,0.06417312860776819,0.9358268713922319
269,0.028323511016546572,0.9716764889834535
270,0.012070181701368237,0.9879298182986318
271,0.035462344844188365,0.9645376551558117
272,9.3607321033689e-310,1.0
273,0.07806676569543354,0.3731413762807325
274,0.06561827508424845,0.9343817249157516
275,0.03856757121398733,0.9614324287860128
276,0.07903197204966492,0.920968027950335
277,0.03790766997241456,0.9620923300275854
278,0.05049509525770852,0.9495049047422915
279,0.023995993534835693,0.9760040064651644
280,0.06526069332300724,0.9347393066769929
281,9.8673165391367e-310,1.0
282,0.05570238920094577,0.9442976107990542
283,0.03592090799015807,0.9640790920098419
284,0.053372454765112994,0.946627545234887
285,0.06306261330558469,0.9369373866944153
286,0.004364774743062214,0.9956352252569378
287,9.2094331812841e-310,1.0
288,0.02277805626961122,0.9772219437303888
289,0.0689141584620603,0.9310858415379397
290,0.03315617599707274,0.9668438240029273
291,0.04118140665878819,0.9588185933412118
292,0.043419218504343354,0.9565807814956566
293,0.011480168890235435,0.9885198311097645
294,0.01148314833814489,0.9885168516618551
295,0.0748085061451082,0.8906181216495513
296,0.06807992012594974,0.8031320881249467
297,9.85547558698967e-310,1.0
298,0.016195630278942056,0.9838043697210579
299,1.0,1.494721355212095e-309
300,1.0061025797623e-309,1.0
301,1.49977267290357e-309,1.0
302,0.03820195006296108,0.961798049937039
303,0.01857428416678348,0.9814257158332165
304,0.016569346325055658,0.9834306536749443
305,0.06362884851686706,0.936371151483133
306,1.197675986706025e-309,1.0
307,0.030313712893308517,0.9696862871066915
308,0.06322494385091039,0.9367750561490897
309,0.05265485307554522,0.9473451469244548
310,0.06125186571034393,0.9387481342896561
311,0.008177030368300128,0.9918229696316998
312,0.04978082928213398,0.950219170717866
313,0.07222805061195987,0.7448553124756465
314,0.003378268232790179,0.9966217317672099
315,1.10133553063387e-309,1.0
316,1.34757358669795e-309,1.0
317,1.041753403137134e-309,1.0
318,0.07884680255904472,0.9211531974409553
319,0.0274258737557786,0.9725741262442213
320,9.07765921663203e-310,1.0
321,0.008619291827312754,0.9913807081726873
322,1.109706000101775e-309,1.0
323,0.05122027397086341,0.9487797260291365
324,0.013567245544653871,0.9864327544553461
325,0.11266487288269628,0.710375649884081
326,0.01774425478790011,0.9822557452121
327,1.189702831321323e-309,1.0
328,0.11265353024117122,0.7376247829873911
329,0.021975513674109083,0.9780244863258909
330,1.04976611799359e-309,1.0
331,0.0544511460761906,0.9455488539238095
332,0.07037347817254677,0.9168991411765723
333,0.038456582255977985,0.961543417744022
334,0.020861818349358737,0.9791381816506414
335,0.04667763252057231,0.9533223674794277
336,0.011340338486591542,0.9886596615134086
337,0.048932214931071805,0.9510677850689282
338,0.026147966551671255,0.9738520334483286
339,0.017141518826000724,0.9828584811739992
340,0.0580112868337472,0.9419887131662528
341,0.04494121990910472,0.9550587800908953
342,0.05509941173122902,0.944900588268771
343,0.07580539386825748,0.9241946061317424
344,0.0780963699624294,0.37378936212937336
345,0.03792925740315897,0.9620707425968409
346,0.042603001343993085,0.9573969986560068
347,0.03353822738972417,0.9664617726102758
348,0.03382764980436185,0.9661723501956381
349,0.06835330956695934,0.9047684300040942
350,9.3473338766045e-310,1.0
351,0.04560312468785216,0.9543968753121478
352,0.04281703699905151,0.9571829630009485
353,1.00652065292731e-309,1.0
354,0.024586305132156313,0.9754136948678436
355,0.055775529465586816,0.9442244705344132
356,0.05158496905519614,0.9484150309448037
357,0.036283678071100896,0.9637163219288991
358,0.025828623344268536,0.9741713766557314
359,0.059604753050395864,0.9403952469496041
360,0.05026731173455119,0.9497326882654488
361,0.03247902916551769,0.9675209708344823
362,0.06154715422597133,0.9384528457740285
363,0.05970277814621376,0.8973662088759198
364,1.003193999509965e-309,1.0
365,0.048889925092432264,0.9511100749075677
366,0.0060493004041364444,0.9939506995958637
367,0.023655608920385995,0.9763443910796141
368,0.052646418772840216,0.9473535812271597
369,0.07576176380072916,0.9242382361992708
370,0.021092698057204526,0.9789073019427955
371,0.01703833219814199,0.982961667801858
372,0.06679032714339732,0.9332096728566027
373,0.02732396994709035,0.9726760300529097
374,0.032690965454219435,0.9673090345457805
375,0.07650862114960337,0.9234913788503966
376,1.349852121198523e-309,1.0
377,1.056349754192625e-309,1.0
378,0.02185928708572144,0.9781407129142786
379,0.0289946257631723,0.9710053742368276
380,0.019486417994463143,0.9805135820055368
381,0.06634204885991636,0.9336579511400835
382,1.173826824904714e-309,1.0
383,0.040492589375893284,0.9595074106241067
384,0.02634640274249677,0.9736535972575032
385,0.028939127121977354,0.9710608728780227
386,0.02600916780093283,0.9739908321990672
387,0.02517286155757316,0.9748271384424269
388,0.018199681045487838,0.9818003189545121
389,0.04423772366874902,0.9557622763312509
390,0.018926181466817245,0.9810738185331828
391,0.07749833672844439,0.9225016632715556
392,0.05520111562109042,0.9447988843789097
393,0.03352810149093053,0.9664718985090693
394,0.00872559693563035,0.9912744030643695
395,0.04561602075382633,0.9543839792461738
396,0.04688974350986554,0.9531102564901345
397,0.012447503210280163,0.9875524967897199
398,0.03533939749464988,0.9646606025053501
399,0.07457111614678304,0.925428883853217
400,0.03739280388423419,0.962607196115766
401,0.02373909936977047,0.9762609006302294
402,0.04260768742879138,0.9573923125712086
403,1.10051381307096e-309,1.0
404,0.06057290252058763,0.9394270974794124
405,0.06588681263612547,0.9075471759734378
406,0.03612884298912732,0.9638711570108727
407,0.04476730534914122,0.9552326946508588
408,9.975479280993e-310,1.0
409,0.038569899479647694,0.9614301005203524
410,0.024313767909597835,0.9756862320904022
411,0.08096029811428435,0.8238186634982688
412,0.04181541810755542,0.9581845818924446
413,0.07977423458885687,0.9202257654111432
414,0.059953581132767816,0.9400464188672322
415,0.02261364192318039,0.9773863580768196
416,0.05236408794485894,0.9476359120551411
417,0.004476707721881334,0.9955232922781188
418,0.052055171958910865,0.947944828041089
419,0.04106443777175384,0.9589355622282462
420,0.027777975317674817,0.9722220246823251
421,0.05442989941433929,0.9455701005856607
422,9.9321803206291e-310,1.0
423,0.03623674940735661,0.9637632505926435
424,0.053591353565563514,0.9464086464344363
425,0.0010411521388550846,0.998958847861145
426,0.04907074612123796,0.9509292538787621
427,0.05599931498459002,0.94400068501541
428,0.03701016329017043,0.9629898367098295
429,0.03449884236784759,0.9655011576321524
430,9.5166860359416e-310,1.0
431,0.020770556706580342,0.9792294432934197
432,0.01939727920016889,0.9806027207998311
433,0.01210203669086225,0.9878979633091377
434,0.07421719245859218,0.8942934960430732
435,0.0401848092988677,0.9598151907011322
436,0.06468598724329765,0.9353140127567025
437,0.018691014338520762,0.9813089856614792
438,0.045151258237200884,0.9548487417627992
439,0.026964153822169334,0.9730358461778306
440,0.059233786569880396,0.8698628021821411
441,0.08070640612155885,0.9192935938784412
442,0.02281542951608111,0.9771845704839189
443,0.025586457193138103,0.974413542806862
444,1.10582210147854e-309,1.0
445,1.00846954068634e-309,1.0
446,0.024188443061215,0.9758115569387851
447,0.06316191617837719,0.8517804030698721
448,0.06161064257967044,0.9383893574203296
449,0.035644746097452676,0.9643552539025473
450,0.0381220705227161,0.9618779294772839
451,0.030326876729930608,0.9696731232700695
452,0.05005954356329036,0.9499404564367097
453,0.03414154880557581,0.9658584511944242
454,0.03212659716760175,0.9678734028323983
455,0.028022033985600346,0.9719779660143997
456,0.05037583147064635,0.9496241685293537
457,0.06143380951187141,0.9385661904881287
458,0.07300666556827849,0.9269933344317215
459,0.0072721219860501785,0.9927278780139499
460,0.008222422187510394,0.9917775778124897
461,0.05967980277319292,0.9403201972268072
462,0.038944654789231814,0.9610553452107683
463,0.05915400032599331,0.8332624274493919
464,0.059866776209032635,0.9401332237909673
465,0.014785874835569432,0.9852141251644305
466,0.03598261959265919,0.9640173804073408
467,0.07591951940296561,0.9240804805970343
468,0.009622461318654369,0.9903775386813456
469,0.014023571220316297,0.9859764287796836
470,0.04388635245651604,0.9561136475434839
471,0.04094474243484136,0.9590552575651586
472,0.004779348576812572,0.9952206514231875
473,0.024048165721189348,0.9759518342788106
474,0.06967247925620135,0.9303275207437987
475,1.00636527629341e-309,1.0
476,0.03546123547416159,0.9645387645258384
477,0.07827485630200345,0.3747501302762473
478,0.02843270452255362,0.9715672954774462
479,0.0634317800339437,0.9365682199660563
480,0.04350864495865096,0.9564913550413491
481,0.040853762004338476,0.9591462379956616
482,0.04518015381796767,0.9548198461820323
483,0.0583499808755384,0.9416500191244617
484,0.05023412156348813,0.949765878436512
485,0.03625688835813198,0.963743111641868
486,0.033871671076673854,0.9661283289233261
487,0.03937194466194898,0.9606280553380511
488,0.05013841384141834,0.9498615861585816
489,0.04033352573461127,0.9596664742653886
490,0.08125679918291218,0.9187432008170878
491,9.6884331763282e-310,1.0
492,1.204412080703175e-309,1.0
493,0.04460227759139313,0.9553977224086068
494,0.03607810150994959,0.9639218984900504
495,9.91966118059754e-310,1.0
496,0.021955618216891154,0.9780443817831088
497,9.2797191803352e-310,1.0
498,0.06922030218943649,0.8587096609082688
499,0.018756525299332586,0.9812434747006674
500,0.03518082476471309,0.9648191752352868
501,0.06152720222425347,0.9384727977757465
502,0.028745774326284494,0.9712542256737154
503,0.05506204739164147,0.9449379526083584
504,0.026461828102312887,0.9735381718976872
505,1.01549715669287e-309,1.0
506,0.01704623840368508,0.9829537615963149
507,0.02412219458352018,0.9758778054164798
508,0.07262501998957259,0.9273749800104274
509,9.70168819513935e-310,1.0
510,0.029760222592182577,0.9702397774078173
511,0.018981705868077122,0.9810182941319229
512,0.04491622716226457,0.9550837728377355
513,9.98773530720986e-310,1.0
514,0.06369646075946353,0.9363035392405366
515,0.03753332377848875,0.9624666762215114
516,0.06405273199793597,0.9359472680020641
517,0.03333527228978601,0.9666647277102141
518,0.028905646776500184,0.9710943532234999
519,0.03110003479893645,0.9688999652010637
520,0.07517916598210098,0.7571557045935341
521,0.04993355074069363,0.9500664492593064
522,9.57131830259633e-310,1.0
523,0.07060437408196737,0.9293956259180326
524,0.02910143307281756,0.9708985669271825
525,0.05054302571713705,0.9494569742828629
526,0.009529524295927256,0.9904704757040728
527,0.03619819486830878,0.9638018051316911
528,0.04240334468293921,0.9575966553170608
529,1.12517624734922e-309,1.0
530,0.021220826509918307,0.9787791734900818
531,1.05058908397901e-309,1.0
532,0.04234355717885412,0.9576564428211458
533,0.046213152745316406,0.9537868472546835
534,0.028219494978317394,0.9717805050216827
535,1.0082981936573e-309,1.0
536,0.03311827097919749,0.9668817290208026
537,0.05958676194376989,0.9404132380562301
538,0.055585944183060614,0.9444140558169394
539,0.0026234001979742122,0.9973765998020258
540,0.07186639551949925,0.7536139937806943
541,1.185851768228287e-309,1.0
542,0.032510246571546234,0.9674897534284537
543,0.0501816255167653,0.9498183744832347
544,0.02961238633138013,0.9703876136686199
545,0.062487795730541446,0.9375122042694587
546,0.005985554092051089,0.994014445907949
547,0.0595465452424889,0.9404534547575112
548,0.04935147733215788,0.9506485226678422
549,0.062395271155279125,0.9376047288447209
550,0.022658320816221808,0.9773416791837781
551,0.07404142863204653,0.9259585713679535
552,0.046248436325996435,0.9537515636740036
553,1.06115614985034e-309,1.0
554,0.024900764471322036,0.9750992355286779
555,0.0390321481917774,0.9609678518082225
556,1.0442428983617e-309,1.0
557,0.026381868783097374,0.9736181312169025
558,0.02890701960112667,0.9710929803988734
559,0.07411581663067808,0.9258841833693219
560,0.061212421403473466,0.9387875785965265
561,0.04498928187890221,0.9550107181210978
562,0.05354111162312177,0.9464588883768782
563,0.07170593085359211,0.9282940691464079
564,0.017236612019608875,0.9827633879803912
565,9.55200441244707e-310,1.0
566,0.0650198001650691,0.8745423268509465
567,0.02743116876974539,0.9725688312302547
568,0.057893499630929664,0.879889399220829
569,0.011917213655777968,0.988082786344222
570,0.035253128429121136,0.9647468715708788
571,0.026574194196466634,0.9734258058035334
572,0.021592716022200076,0.9784072839778
573,0.11291073712464991,0.7256762493579325
574,0.06107204356385219,0.9389279564361479
575,0.08956332458028876,0.9104366754197112
576,0.02214637640461116,0.9778536235953889
577,0.08397266998866752,0.9160273300113325
578,0.04424430692232049,0.9557556930776796
579,0.03588208563531211,0.9641179143646879
580,0.06404323247801262,0.8554660089345203
581,0.0323408243244524,0.9676591756755476
582,0.06910721831046518,0.9308927816895349
583,0.0491038747854275,0.9508961252145726
584,0.03044214099660789,0.9695578590033921
585,1.012936793590197e-309,1.0
586,0.04575908030011211,0.9542409196998879
587,0.05017222187052693,0.949827778129473
588,0.03626827640500249,0.9637317235949975
589,0.018580083140852903,0.9814199168591471
590,0.057679432863120786,0.9423205671368792
591,0.06223739100847569,0.9377626089915243
592,0.05129295448734351,0.9487070455126566
593,0.03666775319216159,0.9633322468078385
594,0.02894318753966944,0.9710568124603306
595,0.06107323808129356,0.9389267619187064
596,0.027337016110387198,0.9726629838896129
597,0.02221430613253154,0.9777856938674684
598,0.04459763825037377,0.9554023617496262
599,0.016132287248699813,0.9838677127513002
600,0.001530478066546428,0.9984695219334536
601,0.031892693945587976,0.968107306054412
602,9.20184867624213e-310,1.0
603,0.07931694085888609,0.9206830591411138
604,1.118823001006356e-309,1.0
605,0.06185143396131207,0.938148566038688
606,1.185105185233065e-309,1.0
607,0.006070105884518742,0.9939298941154812
608,1.09196501393343e-309,1.0
609,0.034986726445746165,0.9650132735542538
610,1.12269600027089e-309,1.0
611,0.012470463222655027,0.9875295367773449
612,0.0282931088805384,0.9717068911194616
613,0.06820276419197907,0.9317972358080209
614,0.04657790765110734,0.9534220923488925
615,1.053068170625265e-309,1.0
616,0.023718422460780302,0.9762815775392197
617,0.05758335674043912,0.942416643259561
618,9.93109919377863e-310,1.0
619,0.03247618215689961,0.9675238178431005
620,0.06462964476889806,0.935370355231102
621,0.072905896484626,0.927094103515374
622,0.06265333942487422,0.9373466605751258
623,0.07592827579073737,0.9240717242092626
624,0.045276632593443965,0.954723367406556
625,0.01829043932434018,0.9817095606756597
626,0.022972700650626083,0.977027299349374
627,0.05475898925599954,0.9452410107440004
628,0.04483928851210504,0.9551607114878949
629,0.02144334491418889,0.978556655085811
630,0.018074365351291366,0.9819256346487087
631,0.026455675579355485,0.9735443244206445
632,0.004192265794982797,0.9958077342050171
633,9.1271648700002e-310,1.0
634,0.03962623417422899,0.9603737658257709
635,0.05337687774747107,0.946623122252529
636,0.028538295188268212,0.9714617048117318
637,0.02592551863165496,0.9740744813683451
638,0.05613862742632931,0.9438613725736708
639,0.040413858738582144,0.9595861412614178
640,0.03965080265005355,0.9603491973499464
641,0.0056671417792131615,0.9943328582207868
642,1.0,1.495635049721084e-309
643,0.03604511339060707,0.963954886609393
644,0.03653171351247558,0.9634682864875245
645,0.011245335591552195,0.9887546644084477
646,0.06228138744254547,0.9377186125574545
647,0.02394134453298036,0.9760586554670196
648,0.017682180622618157,0.9823178193773818
649,0.07121430646927825,0.8644886858764451
650,0.015202438296387177,0.9847975617036129
651,0.049594338281862424,0.9504056617181376
652,9.99835047151496e-310,1.0
653,0.043351342833421576,0.9377424362371163
654,0.0688250020315732,0.9198920565137177
655,0.020649595677094082,0.9793504043229059
656,0.06778278576650769,0.9322172142334924
657,0.028022072723171403,0.9719779272768286
658,0.04679541656248033,0.9532045834375197
659,0.03345325703799791,0.966546742962002
660,0.04007013039743613,0.9599298696025638
661,0.048277764067326354,0.9517222359326736
662,0.02919806902733478,0.9708019309726653
663,0.0019285516838360496,0.9980714483161639
664,0.003786148229513871,0.9962138517704862
665,0.04148216277639625,0.9585178372236038
666,0.013984430553907969,0.986015569446092
667,1.14000762579873e-309,1.0
668,0.043985052429408644,0.9560149475705912
669,0.055084329607629746,0.9449156703923702
670,9.82013285862415e-310,1.0
671,9.01067755395476e-310,1.0
672,1.07598857294387e-309,1.0
673,0.08174363031582135,0.6911022523893057
674,0.025213624565785082,0.974786375434215
675,0.023218852833381796,0.9767811471666181
676,0.04073735979615192,0.959262640203848
677,0.0361184035876948,0.9638815964123053
678,9.5494148916323e-310,1.0
679,0.034108822887211836,0.9658911771127882
680,1.005252232270484e-309,1.0
681,0.008723187984095533,0.9912768120159045
682,0.05750710110243998,0.94249289889756
683,0.0617705459571892,0.9382294540428107
684,0.0754306301647024,0.9245693698352977
685,1.00817997667964e-309,1.0
686,0.020255363864219646,0.9797446361357803
687,0.05194413421591732,0.9480558657840827
688,0.050265818771372074,0.949734181228628
689,0.0178907934230882,0.9821092065769117
690,1.117233187404704e-309,1.0
691,0.01643274418380783,0.9835672558161922
692,0.06285442087105596,0.8928661105992547
693,0.06463387595449137,0.9353661240455086
694,0.025783417581417393,0.9742165824185826
695,0.053461355973060884,0.9465386440269392
696,0.023325538988710794,0.9766744610112893
697,0.065130758786684,0.9348692412133159
698,0.023653263579979347,0.9763467364200207
699,0.03840019443177147,0.9615998055682285
700,0.037357700299934085,0.9626422997000659
701,0.049735603837355834,0.9502643961626441
702,0.03795518502428996,0.9620448149757099
703,0.037703443159288016,0.962296556840712
704,0.05975647805119365,0.9402435219488063
705,1.212865717936947e-309,1.0
706,0.04095643076754156,0.9590435692324585
707,0.058634936072112,0.941365063927888
708,0.049102266112096435,0.9508977338879037
709,1.322919486752466e-309,1.0
710,0.009297272206975257,0.9907027277930248
711,0.06229011201402191,0.9377098879859781
712,0.02327031690678388,0.9767296830932162
713,0.040541451765880275,0.9594585482341197
714,0.057175414798657266,0.9052988811642277
715,9.11732074599555e-310,1.0
716,0.07575862539565222,0.9242413746043477
717,0.03973283705521797,0.9602671629447821
718,1.18689048112856e-309,1.0
719,0.028982076493860708,0.9710179235061392
720,0.030218506061369114,0.9697814939386308
721,0.04549370102732616,0.9545062989726739
722,1.14360060046472e-309,1.0
723,0.024115082342756732,0.9758849176572432
724,0.07285416536373493,0.7257947922774485
725,1.48985826850258e-309,1.0
726,0.01735277565837808,0.9826472243416219
727,0.061443896115598515,0.9385561038844016
728,9.59221522494565e-310,1.0
729,0.058469172810406804,0.9415308271895931
730,0.052962064686103996,0.9470379353138961
731,0.07804506267207797,0.37332442869197163
732,0.052197960377678224,0.9478020396223218
733,0.031805443951934805,0.9681945560480651
734,0.0780677843735369,0.9219322156264631
735,0.05039060215782351,0.9496093978421764
736,0.01919533778682234,0.9808046622131776
737,0.06416853251318161,0.9358314674868183
738,0.0036444371836463763,0.9963555628163535
739,1.012184690889676e-309,1.0
740,0.06675548665431506,0.9332445133456849
741,0.0412094881838022,0.9587905118161978
742,0.00437545034477111,0.9956245496552288
743,9.53493873804355e-310,1.0
744,9.71656217655185e-310,1.0
745,0.03213235098039448,0.9678676490196055
746,0.05853068676135805,0.941469313238642
747,0.05581272751775259,0.9441872724822473
748,0.04343441102113451,0.9565655889788656
749,0.026681296100039584,0.9733187038999603
750,1.496332249356573e-309,1.0
751,1.07486693067727e-309,1.0
752,0.03626532453760856,0.9637346754623914
753,0.019793409683529724,0.9802065903164703
754,0.008440776749961418,0.9915592232500385
755,1.20333498838699e-309,1.0
756,9.60366262252734e-310,1.0
757,0.01996921902352137,0.9800307809764786
758,0.060441769189571434,0.9138383741540471
759,0.034675325059217686,0.9653246749407823
760,0.04276003773161287,0.9572399622683873
761,0.07159762334896613,0.928402376651034
762,0.03656273393736156,0.9634372660626384
763,0.07355631385223715,0.8126489379403508
764,0.06780849514193245,0.9321915048580675
765,0.03501539542924105,0.964984604570759
766,0.04838981355759166,0.9516101864424084
767,0.0662105991183057,0.9337894008816944
768,0.04348269685271684,0.9565173031472832
769,0.06047318626855979,0.9115826150134873
770,1.15032667584598e-309,1.0
771,0.07757274499167058,0.9224272550083294
772,0.061827704470557604,0.9381722955294424
773,0.028006821504297626,0.9719931784957023
774,9.8919995034917e-310,1.0
775,0.027805264857619187,0.9721947351423809
776,0.014530149823591026,0.9854698501764091
777,0.028274578453430916,0.971725421546569
778,1.17921732036701e-309,1.0
779,0.024949713935606067,0.9750502860643939
780,1.107234587397785e-309,1.0
781,1.01151567231953e-309,1.0
782,9.9117464242816e-310,1.0
783,0.03738432948138509,0.962615670518615
784,0.03306925345160337,0.9669307465483966
785,0.052856237582855174,0.9471437624171449
786,0.05185809172517499,0.9481419082748251
787,0.02443480728188862,0.9755651927181114
788,9.91217366999316e-310,1.0
789,0.05842076092802941,0.9415792390719706
790,0.06333162394590533,0.9366683760540947
791,0.05603412784220082,0.9439658721577991
792,1.19033445430523e-309,1.0
793,9.08933723126466e-310,1.0
794,1.0,1.494390768861174e-309
795,0.05517966834067539,0.9448203316593247
796,0.0666556201478379,0.8641912261162616
797,0.0343914219208714,0.9656085780791286
798,1.0,1.494849328811893e-309
799,0.06830790567873433,0.9316920943212657
800,0.021942279349181533,0.9780577206508185
801,0.060972970198751475,0.9390270298012484
802,0.03988415712890641,0.9601158428710936
803,9.891365852398e-310,1.0
804,9.0911430979852e-310,1.0
805,0.047432361823517455,0.9525676381764826
806,0.07595227555606836,0.9240477244439317
807,0.04591928436137845,0.9540807156386216
808,0.021328464090324743,0.9786715359096754
809,9.59934750591264e-310,1.0
810,0.021526043548847146,0.9784739564511528
811,0.05555664861282307,0.9444433513871769
812,0.03690746168966025,0.9630925383103398
813,0.04081747188233281,0.9591825281176672
814,0.048427949785120904,0.951572050214879
815,9.81525415817194e-310,1.0
816,0.03786045119130079,0.9621395488086992
817,0.052398309328837794,0.9476016906711622
818,0.03538748037072626,0.9646125196292739
819,0.03729586506258465,0.9627041349374152
820,0.08093877146594847,0.9190612285340515
821,0.015262646583006982,0.9847373534169931
822,9.3106542919574e-310,1.0
823,0.05100633448049662,0.9489936655195034
824,1.49004874405111e-309,1.0
825,9.90282841934455e-310,1.0
826,0.06331828775983085,0.9366817122401693
827,9.8575978870863e-310,1.0
828,0.0152824107094674,0.9847175892905325
829,0.0608996206497943,0.9391003793502056
830,0.036566120444661385,0.9634338795553387
831,0.06353139479500439,0.9364686052049956
832,0.05509980678782693,0.9449001932121731
833,0.059555737237349284,0.9404442627626507
834,0.040217660997183255,0.9597823390028166
835,0.013153888937962717,0.9868461110620373
836,0.0644633499362952,0.9355366500637048
837,0.06834435989479799,0.9316556401052021
838,1.08904723908814e-309,1.0
839,0.05832676046279192,0.8207922934855368
840,1.32118971776716e-309,1.0
841,0.07535609234935133,0.8441531490631816
842,0.05292992953619256,0.9470700704638075
843,0.05206457160545054,0.8787350255657801
844,0.08442106051744962,0.9155789394825504
845,9.84021366795447e-310,1.0
846,0.05666059105898288,0.9433394089410171
847,0.06170269118194773,0.9382973088180523
848,0.060446315464622646,0.9395536845353774
849,0.03190338823360518,0.9680966117663947
850,0.07355199473339269,0.9264480052666072
851,0.025891150974907472,0.9741088490250924
852,0.009478294507213679,0.9905217054927863
853,0.0480964166676721,0.9519035833323279
854,0.04284510571597568,0.9571548942840243
855,0.06519067230326889,0.9348093276967311
856,0.07174635274777076,0.8627189295348228
857,0.03543892158646743,0.9645610784135327
858,0.006766439068029339,0.9932335609319706
859,0.03037480635439398,0.969625193645606
860,0.055598674507731635,0.9444013254922683
861,0.02569198332526916,0.9743080166747309
862,0.024034511066153164,0.9759654889338468
863,0.049076281089819956,0.95092371891018
864,0.007802013314684673,0.9921979866853154
865,0.016725256156896212,0.9832747438431038
866,0.03790694018090358,0.9620930598190964
867,0.059219654403181825,0.9407803455968181
868,0.04601475688111123,0.9539852431188888
869,0.016583736532320374,0.9834162634676796
870,0.017078904995939576,0.9829210950040604
871,0.03863880610226191,0.9613611938977381
872,0.03160285627576313,0.9683971437242369
873,0.07979563592451452,0.9202043640754856
874,0.02098041261911862,0.9790195873808815
875,0.02905941016320945,0.9709405898367905
876,0.0530884993175766,0.9469115006824235
877,0.008453750305136135,0.9915462496948638
878,9.35277420950177e-310,1.0
879,0.029937528558585173,0.9700624714414149
880,9.5712344661875e-310,1.0
881,0.016663739228379767,0.9833362607716202
882,0.0340846244491019,0.965915375550898
883,0.019397197073549012,0.980602802926451
884,0.05708508656469931,0.9283628656168775
885,0.0424175823117688,0.9575824176882312
886,0.0235241109385888,0.9764758890614111
887,0.04699011159344963,0.9530098884065504
888,0.04328282318276517,0.9567171768172348
889,0.03610334485242184,0.9638966551475782
890,0.06308203139848621,0.9369179686015137
891,1.11512852782058e-309,1.0
892,0.01821082116198899,0.9817891788380111
893,0.02507023891430657,0.9749297610856935
894,0.0781975903951295,0.9218024096048705
895,9.35010409547726e-310,1.0
896,1.064664599740855e-309,1.0
897,0.03197826970459687,0.9680217302954032
898,0.03247891568725434,0.9675210843127456
899,0.07059497605886096,0.8957968472246265
900,1.00533427728105e-309,1.0
901,0.053939514738608564,0.9460604852613914
902,0.044670797874661286,0.9553292021253387
903,0.05495944761711532,0.9450405523828848
904,0.06999466783030989,0.8352039019491712
905,0.044131730670967824,0.9558682693290321
906,0.07092234178270758,0.9290776582172924
907,1.20166618514504e-309,1.0
908,9.7579623216531e-310,1.0
909,9.02222602150364e-310,1.0
910,0.07051077965505376,0.9294892203449463
911,0.030245961055212395,0.9697540389447876
912,1.01204481785171e-309,1.0
913,0.014418615266800775,0.9855813847331992
914,0.024944133089485575,0.9750558669105145
915,9.9213869077739e-310,1.0
916,0.06386429373233737,0.9361357062676625
917,1.125917857638376e-309,1.0
918,0.031446080249048367,0.9685539197509517
919,0.008455078638912527,0.9915449213610874
920,0.01573049713998088,0.9842695028600192
921,0.022858086101196,0.9771419138988039
922,0.016634269647528115,0.9833657303524718
923,0.0635818124308469,0.9364181875691531
924,0.04133119029324722,0.9586688097067527
925,9.50057365190526e-310,1.0
926,0.05670054439461013,0.9432994556053899
927,0.013231092567019494,0.9867689074329804
928,0.04646351525071562,0.9535364847492844
929,0.07372499169698697,0.926275008303013
930,0.08910733579790273,0.8783753617347393
931,0.007700985290221134,0.992299014709779
932,0.018522775944942102,0.9814772240550579
933,0.04506104521392274,0.9549389547860773
934,0.011619640946311172,0.9883803590536888
935,0.02328611349462682,0.9767138865053733
936,0.044017993473707204,0.9559820065262927
937,0.02080430220500909,0.9791956977949909
938,1.036192125992403e-309,1.0
939,0.03169136989886566,0.9683086301011343
940,0.029874464376107985,0.9701255356238919
941,0.03543034151602218,0.9645696584839777
942,0.06109664413323028,0.9389033558667697
943,0.01964421489603073,0.9803557851039691
944,0.02585915034675065,0.9741408496532493
945,0.019622633186879776,0.9803773668131202
946,0.021644536252584112,0.9783554637474159
947,9.0754681396494e-310,1.0
948,0.06719494671272667,0.9328050532872733
949,1.15515705280008e-309,1.0
950,0.013784663987772516,0.9862153360122274
951,0.04840286484351751,0.9515971351564826
952,0.03229837349367065,0.9677016265063294
953,0.04518296925041319,0.9548170307495869
954,0.008159952032272811,0.9918400479677271
955,0.061019501992653276,0.9389804980073467
956,0.015734020092674238,0.9842659799073258
957,0.03844041235035571,0.9615595876496442
958,0.047123876495326844,0.9528761235046732
959,0.028374658699309604,0.9716253413006903
960,9.42821078535277e-310,1.0
961,0.0615897822366126,0.9384102177633874
962,0.04924969753865903,0.9507503024613411
963,0.009763447789036116,0.9902365522109638
964,1.16905644408145e-309,1.0
965,1.171562980358955e-309,1.0
966,0.04857636918352477,0.9514236308164752
967,0.06309234239648948,0.9369076576035105
968,0.04716049862695937,0.9528395013730407
969,9.94776857311625e-310,1.0
970,0.05553043607314315,0.9444695639268569
971,0.05050383035326913,0.9494961696467308
972,0.06649590309149572,0.9335040969085042
973,0.00809122378009931,0.9919087762199007
974,0.05142255996527269,0.9485774400347272
975,0.01756220127506452,0.9824377987249355
976,0.044398178031434726,0.9556018219685654
977,0.04586829701701401,0.954131702982986
978,9.9122397124515e-310,1.0
979,1.0,1.4945831549786e-309
980,0.03679950573228624,0.9632004942677137
981,0.04954723177941571,0.9504527682205842
982,1.208438998149635e-309,1.0
983,0.08385095271438682,0.9161490472856131
984,0.06123391262518953,0.9387660873748105
985,0.05132334779019409,0.9486766522098059
986,0.05040367749363397,0.949596322506366
987,0.039316717516804524,0.9606832824831955
988,0.0729831377465944,0.8338224188038627
989,0.08074416739731298,0.919255832602687
990,0.01977440893577434,0.9802255910642256
991,0.0367942280591051,0.9632057719408949
992,0.055630248104423095,0.9443697518955769
993,0.024218793757898694,0.9757812062421013
994,0.03427984557078157,0.9657201544292183
995,0.01389655337700633,0.9861034466229938
996,0.04902908350411644,0.9509709164958836
997,0.07588680853638899,0.8867644540317251
998,9.2368007319142e-310,1.0
999,0.07178262307068792,0.928217376929312
1000,0.03236721571612122,0.9676327842838788
1001,1.142318869475e-309,1.0
1002,0.05712634981411513,0.942873650185885
1003,1.0,1.49472373486524e-309
1004,0.016735632535143652,0.9832643674648563
1005,0.017001084031270194,0.9829989159687299
1006,0.08122831084795924,0.9187716891520408
1007,0.018229062104077914,0.9817709378959221
1008,0.04364928539931255,0.9563507146006874
1009,0.04171819780203179,0.9582818021979682
1010,0.06388026579200413,0.9361197342079959
1011,0.012314454277123937,0.9876855457228761
1012,0.05726166641373184,0.9427383335862681
1013,0.04130186021275328,0.9586981397872466
1014,0.024719653150156354,0.9752803468498437
1015,0.0676816611698862,0.7953340687994985
1016,0.04317167065433631,0.9568283293456636
1017,1.123950876771367e-309,1.0
1018,0.0548159950077291,0.945184004992271
1019,0.020382585723828034,0.979617414276172
1020,0.028801720917187967,0.971198279082812
1021,0.05100778507252762,0.9489922149274723
1022,0.05299249095431185,0.9470075090456882
1023,0.06268616216919032,0.9373138378308098
1024,0.050629346156774876,0.949370653843225
1025,0.015208845258068364,0.9847911547419317
1026,1.099861200478045e-309,1.0
1027,0.026874669036414906,0.973125330963585
1028,0.01593729342740682,0.9840627065725932
1029,0.027182152808765028,0.9728178471912349
1030,1.165980191556054e-309,1.0
1031,0.025353628685502744,0.9746463713144973
1032,0.009144152739457508,0.9908558472605424
1033,0.02847636689127044,0.9715236331087295
1034,0.02902653504588264,0.9709734649541174
1035,0.01571517489902314,0.9842848251009769
1036,0.014414938653452145,0.9855850613465479
1037,0.037712831931144046,0.962287168068856
1038,0.08394391878590952,0.9160560812140904
1039,0.07856076300125897,0.8421209465711312
1040,0.04466308625114034,0.9553369137488597
1041,0.03972553022999502,0.9602744697700049
1042,0.11382071671202228,0.7305921130275764
1043,9.73160838257775e-310,1.0
1044,0.06888103413085597,0.8341339186924958
1045,0.03715801729739175,0.9628419827026083
1046,0.06585892727675229,0.9341410727232478
1047,0.04039836977007893,0.959601630229921
1048,1.139904313214237e-309,1.0
1049,9.0234755181896e-310,1.0
1050,0.08048887989237682,0.9195111201076233
1051,1.122921558005415e-309,1.0
1052,0.007538420720999389,0.9924615792790007
1053,0.030111504194803303,0.9698884958051968
1054,0.04626364992372113,0.9537363500762789
1055,9.421191358044e-310,1.0
1056,0.050625386956228424,0.9493746130437717
1057,0.018749886821014226,0.9812501131789858
1058,0.02311147573213679,0.9768885242678633
1059,0.03168407558756231,0.9683159244124377
1060,0.025789068265777752,0.9742109317342222
1061,0.0774536847883881,0.9225463152116119
1062,1.34865356928187e-309,1.0
1063,1.350286260214933e-309,1.0
1064,0.04146565588656382,0.9585343441134362
1065,0.018671661518451642,0.9813283384815483
1066,0.023730935021869817,0.9762690649781303
1067,0.013437378041722937,0.9865626219582772
1068,0.03793245274250587,0.9620675472574942
1069,0.03139926788688624,0.9686007321131138
1070,0.03838877025795356,0.9616112297420465
1071,0.05772922801119061,0.9422707719888094
1072,0.03434248830328896,0.965657511696711
1073,0.027693808013174673,0.9723061919868252
1074,0.026898582966260232,0.9731014170337398
1075,1.183487911389917e-309,1.0
1076,0.07926234357900007,0.8059950927178225
1077,0.037554686124797024,0.962445313875203
1078,0.07810331903369422,0.9218966809663057
1079,0.026495219995889857,0.9735047800041101
1080,0.06452192275029502,0.9354780772497049
1081,9.968382912392e-310,1.0
1082,1.149494970410685e-309,1.0
1083,9.2254999184294e-310,1.0
1084,0.040177152058009674,0.9598228479419904
1085,0.013723444092170866,0.9862765559078293
1086,0.06039582717064231,0.9396041728293577
1087,0.04728769043123235,0.9527123095687677
1088,0.010977949728409686,0.9890220502715903
1089,9.8608211298875e-310,1.0
1090,0.04999728747934607,0.9500027125206538
1091,9.2679608590238e-310,1.0
1092,0.03074651405877424,0.9692534859412257
1093,0.028184285433874804,0.9718157145661253
1094,1.141450692858627e-309,1.0
1095,0.06273967706720536,0.8916150708742855
1096,0.06354939808959767,0.9364506019104023
1097,0.07442146760170266,0.9255785323982973
1098,0.02608987068378688,0.9739101293162131
1099,0.047926518239547806,0.8313662561942952
1100,0.016635719047863234,0.9833642809521368
1101,0.06055635593741755,0.9168898759511322
1102,0.05931189062753293,0.940688109372467
1103,0.07270632711499597,0.9106253621734145
1104,0.040743541613017895,0.9592564583869821
1105,0.04967755602359804,0.9503224439764019
1106,0.06194336183431321,0.9380566381656869
1107,0.0768518837756096,0.9231481162243905
1108,9.47918519273763e-310,1.0
1109,0.06753529565421756,0.9324647043457823
1110,0.06528949953884142,0.9347105004611586
1111,0.0871983986306831,0.760112876551267
1112,0.0711197673960147,0.9288802326039853
1113,0.02612946032693795,0.9738705396730619
1114,1.34902070641137e-309,1.0
1115,0.058591928461710636,0.9414080715382894
1116,0.0745529477992499,0.9254470522007502
1117,0.06267581464207816,0.8914880067926815
1118,0.04175099681279752,0.9582490031872025
1119,9.9139113572839e-310,1.0
1120,0.06944643345071215,0.9305535665492879
1121,1.15416534168117e-309,1.0
1122,9.24395712441824e-310,1.0
1123,0.014542675975080823,0.9854573240249191
1124,0.06424894698765005,0.93575105301235
1125,1.04457296400957e-309,1.0
1126,0.07857879422809183,0.9214212057719082
1127,1.21081802792079e-309,1.0
1128,0.050148250833143934,0.9498517491668561
1129,0.05867217508570612,0.9413278249142938
1130,0.03232995303717113,0.9676700469628289
1131,0.011144297891484942,0.988855702108515
1132,0.01154928117076788,0.9884507188292322
1133,0.05231682842608881,0.9476831715739112
1134,1.193503674120177e-309,1.0
1135,0.031530886317264875,0.9684691136827351
1136,1.01007469732286e-309,1.0
1137,0.011857229430604927,0.988142770569395
1138,0.03687065760721085,0.9631293423927891
1139,0.06670285975362508,0.7414092226355592
1140,9.95954007137325e-310,1.0
1141,0.03607869174721806,0.9639213082527819
1142,1.113119121806844e-309,1.0
1143,0.02929751386624101,0.970702486133759
1144,0.037606436980981636,0.9623935630190183
1145,0.04201965695277497,0.957980343047225
1146,0.062264395162889195,0.9377356048371108
1147,1.493648881773736e-309,1.0
1148,0.05414818601946331,0.9458518139805367
1149,0.043675518146112376,0.9563244818538877
1150,0.049266713893500444,0.9507332861064995
1151,0.06557133275555364,0.9344286672444464
1152,0.0301052362819182,0.9698947637180819
1153,0.023429064743190512,0.9765709352568094
1154,0.013408803796671165,0.9865911962033288
1155,0.06616524453646093,0.9338347554635391
1156,0.008605810389061249,0.9913941896109388
1157,0.03749264355588323,0.9625073564441168
1158,0.038102485425402136,0.9618975145745979
1159,1.19858115395451e-309,1.0
1160,0.043334605965121085,0.9566653940348788
1161,0.015312661017184927,0.984687338982815
1162,0.02210749817608011,0.97789250182392
1163,0.03912932920346833,0.9608706707965318
1164,0.03879732623233042,0.9612026737676697
1165,0.03132061480769402,0.968679385192306
1166,9.58787227924783e-310,1.0
1167,0.07070173666146462,0.9292982633385354
1168,0.0845129460897118,0.9154870539102882
1169,0.03418671771397896,0.965813282286021
1170,0.02434073742117352,0.9756592625788265
1171,0.044981966574930726,0.9550180334250693
1172,0.04232132021396214,0.9576786797860378
1173,0.051525570193466576,0.9288981178501315
1174,1.117949135120504e-309,1.0
1175,1.17602462807984e-309,1.0
1176,0.062410370076567225,0.9375896299234328
1177,0.04781814291761779,0.8561154755861156
1178,0.041795221805242894,0.9582047781947571
1179,0.03401902221974084,0.9659809777802592
1180,0.05878616794153016,0.8616251628637314
1181,1.34797221796258e-309,1.0
1182,0.03188528778317683,0.9681147122168231
1183,0.030244886099381394,0.9697551139006185
1184,1.020181893387147e-309,1.0
1185,0.039251427952566566,0.9607485720474334
1186,0.028036601283345453,0.9719633987166545
1187,0.022423254363990897,0.977576745636009
1188,0.0711505032530235,0.9288494967469765
1189,1.060562680543975e-309,1.0
1190,0.052442089657482434,0.9475579103425175
1191,0.05009057898229399,0.949909421017706
1192,0.05514827644086934,0.9448517235591306
1193,1.15310444144003e-309,1.0
1194,0.007601825202449901,0.9923981747975501
1195,0.056656251563909035,0.9433437484360909
1196,9.3271869565509e-310,1.0
1197,1.0,1.49461445233833e-309
1198,9.12792598220155e-310,1.0
1199,0.05716251673586046,0.9428374832641395
1200,0.02570159724962311,0.9742984027503768
1201,0.07134806945240328,0.8648836227493497
1202,9.92810546450764e-310,1.0
1203,0.055129771189692485,0.9448702288103075
1204,0.07827248492485381,0.3652667022154465
1205,0.06873272768596522,0.9312672723140348
1206,0.015830663896145278,0.9841693361038546
1207,0.030823460211891158,0.9691765397881088
1208,0.07422586433522131,0.9166955683414286
1209,0.03577255400044029,0.9642274459995598
1210,1.06052295357343e-309,1.0
1211,0.039829799175785205,0.9601702008242148
1212,0.040583473716388305,0.9594165262836117
1213,0.03452605153121171,0.9654739484687883
1214,9.9284108896876e-310,1.0
1215,0.06402775164063378,0.9359722483593662
1216,0.024900265991668176,0.9750997340083318
1217,0.025734735127926716,0.9742652648720732
1218,0.050266164205449236,0.9497338357945507
1219,0.044885255764394734,0.9551147442356052
1220,0.0745127102920366,0.9254872897079633
1221,0.05271715479262515,0.9472828452073748
1222,0.053655301085444494,0.9463446989145555
1223,0.023651101612620844,0.976348898387379
1224,0.02177904122517161,0.9782209587748284
1225,0.08995839367826974,0.9100416063217303
1226,0.03744185302761595,0.9625581469723841
1227,1.08316571308765e-309,1.0
1228,0.029341029114095515,0.9706589708859045
1229,0.05537851092101181,0.9446214890789881
1230,0.046967219890828964,0.953032780109171
1231,0.059878627889416974,0.940121372110583
1232,0.06318914861342857,0.9368108513865714
1233,1.0,1.500555873655494e-309
1234,9.7161358013722e-310,1.0
1235,0.02674450233226702,0.9732554976677329
1236,0.039154246546968134,0.9608457534530319
1237,0.02103691722902047,0.9789630827709794
1238,0.07197915913945432,0.9280208408605457
1239,9.99665408069737e-310,1.0
1240,0.04293457103827525,0.9570654289617248
1241,0.07629390246944277,0.6604651791819259
1242,0.03865733003147444,0.9613426699685256
1243,9.75314078554504e-310,1.0
1244,1.09104200734792e-309,1.0
1245,0.023169785560914,0.9768302144390861
1246,1.491401862282325e-309,1.0
1247,0.04954336258896108,0.9504566374110388
1248,0.030081127413839864,0.96991887258616
1249,0.04018814548564159,0.9598118545143584
1250,0.026771470289516274,0.9732285297104837
1251,0.06977348211831325,0.9302265178816868
1252,1.03657236337585e-309,1.0
1253,0.03980818015780834,0.9601918198421917
1254,0.020281187995684295,0.9797188120043157
1255,0.08162437349210046,0.9183756265078996
1256,0.06495702047606534,0.8874244611330785
1257,0.07266139066236212,0.927338609337638
1258,0.032920614561533945,0.967079385438466
1259,0.018523537156634788,0.9814764628433653
1260,0.0794432861260943,0.860699362224443
1261,0.07375952636503069,0.9262404736349693
1262,0.026684640350660288,0.9733153596493397
1263,0.03900271265236006,0.96099728734764
1264,0.08265886749210588,0.9173411325078941
1265,0.039302055193783804,0.9606979448062163
1266,0.006014858051903425,0.9939851419480965
1267,0.04491006482903944,0.9550899351709606
1268,0.03097552585930435,0.9690244741406957
1269,0.044464127406358855,0.9555358725936413
1270,0.051048929382012054,0.948951070617988
1271,0.06880754567369547,0.9311924543263045
1272,0.053743765147613136,0.946256234852387
1273,0.021601566390997275,0.9783984336090028
1274,0.0771501343183768,0.9228498656816231
1275,0.03721008275648908,0.9627899172435109
1276,0.020693421814917692,0.9793065781850823
1277,0.042254629436722216,0.9577453705632778
1278,9.9489660426494e-310,1.0
1279,0.037269698699447636,0.9627303013005524
1280,0.009636776373947978,0.990363223626052
1281,0.012145101294147647,0.9878548987058523
1282,0.03479105632621057,0.9652089436737895
1283,0.03211039510770024,0.9678896048922997
1284,9.90920238033846e-310,1.0
1285,0.04155384079608353,0.9584461592039164
1286,0.042151429016546234,0.9578485709834539
1287,9.9030245593526e-310,1.0
1288,0.056614258556685906,0.9433857414433141
1289,1.121029023413583e-309,1.0
1290,1.165138514030546e-309,1.0
1291,0.05066212254829814,0.9493378774517018
1292,0.04702635683547648,0.9529736431645236
1293,0.018603860812934858,0.9813961391870651
1294,0.03869301697638574,0.9613069830236142
1295,1.00554115651296e-309,1.0
1296,0.06842299551951109,0.9315770044804889
1297,0.022507239481050836,0.9774927605189491
1298,1.202986325802275e-309,1.0
1299,0.03071627898359094,0.969283721016409
1300,0.020017116334990485,0.9799828836650095
1301,1.09381441537448e-309,1.0
1302,0.02339926191317466,0.9766007380868253
1303,0.04971126011688478,0.9502887398831152
1304,0.05586631675528798,0.944133683244712
1305,0.023288216501410358,0.9767117834985898
1306,0.042941594206144004,0.9570584057938559
1307,0.0134882548603279,0.9865117451396722
1308,0.0709158021349954,0.9290841978650046
1309,0.01632153266141978,0.9836784673385802
1310,9.2458071301896e-310,1.0
1311,0.07877277949958886,0.7857410187515316
1312,0.03596210950222971,0.9640378904977702
1313,0.103747326874529,0.7471470417942391
1314,0.08745287612898148,0.9125471238710186
1315,9.2679954843832e-310,1.0
1316,0.09072783914611209,0.7184663354710608
1317,0.03965062680376433,0.9603493731962356
1318,1.003250684001276e-309,1.0
1319,0.05648934258837866,0.9435106574116213
1320,0.04096014079108341,0.9590398592089165
1321,1.184685320547784e-309,1.0
1322,0.07409849344825412,0.9259015065517459
1323,0.007399397260576798,0.9926006027394232
1324,0.04076333255173451,0.9592366674482654
1325,0.038923205798755765,0.9610767942012441
1326,1.116481481294126e-309,1.0
1327,0.057344673540886446,0.9426553264591135
1328,0.02241646274318921,0.9775835372568108
1329,0.038082050355858196,0.9619179496441419
1330,0.07773169031962744,0.3745540591870046
1331,0.057631208257286216,0.9423687917427137
1332,0.06656704124804998,0.93343295875195
1333,1.350174115553833e-309,1.0
1334,0.01603423022119233,0.9839657697788078
1335,0.018633519337379403,0.9813664806626207
1336,0.06921028701400354,0.9307897129859964
1337,0.05336153107342481,0.9466384689265751
1338,1.165533708335535e-309,1.0
1339,0.03405354639049257,0.9659464536095074
1340,0.07793529266295342,0.6993241730595452
1341,1.006989927366526e-309,1.0
1342,0.004324188182190161,0.9956758118178098
1343,0.054761728489917456,0.9452382715100824
1344,0.027956359619316983,0.972043640380683
1345,0.024780386022739045,0.975219613977261
1346,0.039221076711264985,0.960778923288735
1347,0.03400013443505608,0.9659998655649439
1348,0.03330835339629406,0.966691646603706
1349,0.014258456581190916,0.9857415434188092
1350,1.345359851914596e-309,1.0
1351,0.019355948857057315,0.9806440511429426
1352,0.02151739083458249,0.9784826091654175
1353,0.04406144563979325,0.9559385543602068
1354,0.026536178677742293,0.9734638213222577
1355,0.017751302714056227,0.9822486972859439
1356,1.04857001584659e-309,1.0
1357,9.33673378666547e-310,1.0
1358,0.04226685601221312,0.9577331439877868
1359,8.97284625590526e-310,1.0
1360,0.07628021289129983,0.9237197871087003
1361,0.1134450952563399,0.7268954755526638
1362,0.04342979787958153,0.9565702021204184
1363,0.04456453981932259,0.9554354601806774
1364,0.03217167878741069,0.9678283212125894
1365,0.06306068873952908,0.9369393112604709
1366,0.019796400509544138,0.9802035994904558
1367,1.154124611117695e-309,1.0
1368,0.03846925678091052,0.9615307432190895
1369,0.05305777925143593,0.9469422207485639
1370,0.026396184699844512,0.9736038153001555
1371,0.017575774345932126,0.9824242256540678
1372,0.023383915348379213,0.9766160846516208
1373,0.024112214149103094,0.975887785850897
1374,9.7228823888951e-310,1.0
1375,0.02664878405965629,0.9733512159403437
1376,0.039267609846376186,0.9607323901536239
1377,0.06650346039585021,0.9040772951255563
1378,0.01206779295249282,0.9879322070475072
1379,0.010125703346663453,0.9898742966533366
1380,1.128155017178633e-309,1.0
1381,0.027130664185315095,0.9728693358146848
1382,0.051667028081649344,0.9483329719183508
1383,0.088031396503824,0.7930361777172207
1384,1.00288225019758e-309,1.0
1385,9.5738744670078e-310,1.0
1386,0.022313084340108744,0.9776869156598913
1387,0.04234517898185322,0.9576548210181468
1388,0.06503499192492358,0.9349650080750764
1389,0.031023128099958556,0.9689768719000414
1390,0.06380211102093311,0.9361978889790669
1391,0.03921930131446558,0.9607806986855344
1392,9.8996569420384e-310,1.0
1393,0.0461020304070955,0.9538979695929045
1394,0.028068681494274737,0.9719313185057252
1395,0.021335690857999627,0.9786643091420003
1396,0.028512673562674073,0.9714873264373259
1397,0.04810764482869191,0.951892355171308
1398,0.08928892246228345,0.9107110775377165
1399,1.18176118482646e-309,1.0
1400,1.00908036298861e-309,1.0
1401,0.07332553592983486,0.9266744640701652
1402,9.46057615130205e-310,1.0
1403,0.057833570909949145,0.9421664290900508
1404,9.9400123444244e-310,1.0
1405,0.07250854217484144,0.7986194553003171
1406,0.06444606641135837,0.9355539335886416
1407,0.04337144973214036,0.9566285502678596
1408,0.04932013680034836,0.9506798631996516
1409,0.020818832401279273,0.9791811675987208
1410,0.015093050006977244,0.9849069499930229
1411,0.06882438075859273,0.9311756192414073
1412,0.003562980890272705,0.9964370191097273
1413,0.029952197924107835,0.9700478020758921
1414,0.04102831878342997,0.9589716812165701
1415,0.058003178828057445,0.9419968211719426
1416,0.01509687940559667,0.9849031205944033
1417,0.030747275867885303,0.9692527241321146
1418,9.308070032967e-310,1.0
1419,0.038005973764112556,0.9619940262358875
1420,0.022192056760394593,0.9778079432396054
1421,0.02736861232440601,0.972631387675594
1422,0.07139643081593124,0.9286035691840688
1423,0.012168072625103115,0.9878319273748968
1424,0.03447213488058921,0.9655278651194108
1425,0.03615233628788609,0.9638476637121138
1426,0.06333983182179138,0.9366601681782085
1427,0.027598404335814997,0.9724015956641849
1428,0.01777023073888389,0.9822297692611162
1429,0.07029274547378653,0.9297072545262134
1430,0.04477055798200945,0.9552294420179905
1431,0.026784687919443155,0.9732153120805569
1432,0.01765435728810279,0.9823456427118973
1433,1.144514985645384e-309,1.0
1434,0.025641185737855492,0.9743588142621445
1435,0.058324704856366885,0.941675295143633
1436,0.0678707089357426,0.8127342234143586
1437,0.029065684693301216,0.9709343153066987
1438,0.06721174595190282,0.9221891919238183
1439,0.048697138787946355,0.9513028612120538
1440,0.04580788753085649,0.9541921124691434
1441,0.05632748010007468,0.9436725198999254
1442,9.76513115898814e-310,1.0
1443,0.044959098655118206,0.9550409013448817
1444,0.041977535810749665,0.9580224641892504
1445,0.023670419253644406,0.9763295807463557
1446,0.11414853344044758,0.7342402690016788
1447,0.04264541619015229,0.9573545838098477
1448,0.02371918340966276,0.9762808165903372
1449,0.0025429797872162183,0.9974570202127838
1450,9.32739637374453e-310,1.0
1451,1.0,1.495352207871986e-309
1452,0.054492931226630875,0.9455070687733692
1453,0.06938776928465303,0.930612230715347
1454,0.036664150409015016,0.9633358495909851
1455,9.1023888653361e-310,1.0
1456,0.005812503785810391,0.9941874962141896
1457,0.038596486474956435,0.9614035135250436
1458,0.036469191022407706,0.9635308089775922
1459,1.19018658893185e-309,1.0
1460,0.026929048434431793,0.9730709515655682
1461,0.03642982382008018,0.9635701761799199
1462,0.024178930310774494,0.9758210696892254
1463,0.07772165682110012,0.9222783431788999
1464,0.04961796334465249,0.9503820366553475
1465,1.15070883078906e-309,1.0
1466,0.013538212513310884,0.9864617874866891
1467,0.04534583976652894,0.9546541602334709
1468,0.04144768259131988,0.9585523174086802
1469,0.01771496981990658,0.9822850301800935
1470,0.04456149183949957,0.9554385081605004
1471,0.06278932070815428,0.9372106792918458
1472,0.03153114436698279,0.9684688556330172
1473,0.02704185157507196,0.972958148424928
1474,0.026469502551551515,0.9735304974484484
1475,0.06411174341831176,0.9358882565816883
1476,0.08035132678709975,0.8270331466455603
1477,0.02013784259612533,0.9798621574038747
1478,1.07628604299467e-309,1.0
1479,0.02645400941078694,0.9735459905892131
1480,1.489047546297733e-309,1.0
1481,0.04836094954589576,0.9516390504541042
1482,0.02591519520440632,0.9740848047955936
1483,0.07040003802965697,0.9295999619703431
1484,0.07061777799186006,0.8591820966584793
1485,0.029362972400410442,0.9706370275995895
1486,0.0702027898576686,0.857799647941549
1487,0.01470058057066835,0.9852994194293316
1488,0.06501489356227266,0.9349851064377273
1489,0.038119571687592904,0.9618804283124072
1490,1.07781657002e-309,1.0
1491,0.029917014368881324,0.9700829856311187
1492,0.044612452954557215,0.9553875470454427
1493,9.7631008028844e-310,1.0
1494,0.031627481019927225,0.9683725189800728
1495,0.028657271237141534,0.9713427287628584
1496,0.03698705679932809,0.963012943200672
1497,0.05567406389376352,0.9050742129095735
1498,1.01315655633639e-309,1.0
1499,0.013886691070401512,0.9861133089295985
